{
    "root_group": {
        "name": "",
        "path": "",
        "id": "d41d8cd98f00b204e9800998ecf8427e",
        "groups": {},
        "checks": {
                "health status 200": {
                    "id": "54cc6b20b1977b24d2246b3d411f7567",
                    "passes": 1496,
                    "fails": 0,
                    "name": "health status 200",
                    "path": "::health status 200"
                },
                "todo created": {
                    "name": "todo created",
                    "path": "::todo created",
                    "id": "c4f894ff5becb3be149a4f8a7847b349",
                    "passes": 1496,
                    "fails": 0
                }
            }
    },
    "metrics": {
        "http_req_connecting": {
            "p(90)": 0,
            "p(95)": 0,
            "avg": 0.013383467023172906,
            "min": 0,
            "med": 0,
            "max": 2.503
        },
        "http_req_duration{expected_response:true}": {
            "avg": 7.0916602049910935,
            "min": 0.375,
            "med": 1.8145,
            "max": 244.406,
            "p(90)": 11.1309,
            "p(95)": 26.740149999999943
        },
        "http_req_sending": {
            "p(90)": 0.027,
            "p(95)": 0.036,
            "avg": 0.028848930481283914,
            "min": 0.005,
            "med": 0.016,
            "max": 26.173
        },
        "checks": {
            "passes": 2992,
            "fails": 0,
            "value": 1
        },
        "http_req_tls_handshaking": {
            "p(90)": 0,
            "p(95)": 0,
            "avg": 0,
            "min": 0,
            "med": 0,
            "max": 0
        },
        "vus_max": {
            "value": 50,
            "min": 50,
            "max": 50
        },
        "iterations": {
            "count": 1496,
            "rate": 48.246852570131765
        },
        "http_req_duration": {
            "p(90)": 11.1309,
            "p(95)": 26.740149999999943,
            "avg": 7.0916602049910935,
            "min": 0.375,
            "med": 1.8145,
            "max": 244.406,
            "thresholds": {
                "p(95)<500": false
            }
        },
        "iteration_duration": {
            "avg": 1022.9758494224612,
            "min": 1005.282279,
            "med": 1010.3315525,
            "max": 1267.109967,
            "p(90)": 1048.1475745,
            "p(95)": 1086.45909625
        },
        "data_sent": {
            "count": 743512,
            "rate": 23978.685727355485
        },
        "http_req_failed": {
            "passes": 0,
            "fails": 4488,
            "thresholds": {
                "rate<0.01": false
            },
            "value": 0
        },
        "http_req_blocked": {
            "avg": 0.03707887700534071,
            "min": 0.002,
            "med": 0.004,
            "max": 3.762,
            "p(90)": 0.007,
            "p(95)": 0.009
        },
        "http_reqs": {
            "count": 4488,
            "rate": 144.74055771039528
        },
        "http_req_receiving": {
            "max": 10.863,
            "p(90)": 0.076,
            "p(95)": 0.096,
            "avg": 0.05670298573975039,
            "min": 0.018,
            "med": 0.043
        },
        "vus": {
            "value": 4,
            "min": 4,
            "max": 50
        },
        "http_req_waiting": {
            "max": 244.329,
            "p(90)": 10.996700000000002,
            "p(95)": 26.552399999999974,
            "avg": 7.006108288770055,
            "min": 0.334,
            "med": 1.725
        },
        "data_received": {
            "count": 739024,
            "rate": 23833.945169645092
        }
    }
}