Type,Name,Request Count,Failure Count,Median Response Time,Average Response Time,Min Response Time,Max Response Time,Average Content Size,Requests/s,Failures/s,50%,66%,75%,80%,90%,95%,98%,99%,99.9%,99.99%,100%
GET,/api/v1/health/,34,0,59,128.16776697068502,2.748783001152333,674.6982609984116,36.0,1.1709404669572079,0.0,68,110,230,240,360,520,670,670,670,670,670
GET,/api/v1/todos/,36,10,5500.0,6625.707831998928,832.3639199952595,15076.755824004067,1100307.611111111,1.2398193179546908,0.3443942549874141,5600,7300,8500,8900,13000,14000,15000,15000,15000,15000,15000
POST,/api/v1/todos/,19,11,5200.0,4834.475686894286,68.63022900506621,8968.130503999419,33.21052631578947,0.6543490844760868,0.3788336804861555,5200,5600,7200,7400,8700,9000,9000,9000,9000,9000,9000
,Aggregated,89,21,2900.0,3761.103641347822,2.748783001152333,15076.755824004067,445089.08988764044,3.0651088693879855,0.7232279354735696,2900,5400,5700,7300,8900,12000,14000,15000,15000,15000,15000
