Type,Name,Request Count,Failure Count,Median Response Time,Average Response Time,Min Response Time,Max Response Time,Average Content Size,Requests/s,Failures/s,50%,66%,75%,80%,90%,95%,98%,99%,99.9%,99.99%,100%
GET,/api/v1/health/,22,0,15,59.76612949995218,2.957090000563767,292.70826599531574,36.0,0.7792896860494521,0.0,41,89,98,110,130,130,290,290,290,290,290
GET,/api/v1/todos/,42,13,5800.0,6790.9803961902935,737.3784410010558,13809.819261005032,966973.8095238095,1.4877348551853178,0.46048935993831264,5900,8300,8800,9100,12000,13000,14000,14000,14000,14000,14000
POST,/api/v1/todos/,12,6,5300.0,5234.260226582895,774.9684129958041,11190.110439994896,35.5,0.4250671014815194,0.2125335507407597,5600,5700,7100,7100,7600,11000,11000,11000,11000,11000,11000
,Aggregated,76,19,5300.0,4596.673081684026,2.957090000563767,13809.819261005032,534396.2894736842,2.6920916427162895,0.6730229106790724,5300,5800,7400,8300,10000,12000,14000,14000,14000,14000,14000
